x, y, z, qx, qy, qz, qw
-6.054208755493164, 0.9830822944641113, 0.0, 0.0, 0.0, -0.8653978161478959, 0.5010854416229358
-3.2456, 1.999, 0, 0.123, -0.456, 0.789, -0.123
1.567, -1.345, 0, 0.765, 0.345, 0.123, -0.987

